<?xml version="1.0" encoding="UTF-8" standalone="yes"?>
<ns2:ExportManifest xmlns:ns2="http://www.pentaho.com/schema/">
    <ExportManifestInformation exportDate="04-01-2018 04:30:25 CET" exportBy="admin" rootFolder="/home/admin/" manifestVersion="2"/>
    <ExportManifestEntity path="southwind.cda">
        <ExportManifestProperty>
            <EntityMetaData name="southwind.cda" createdDate="2018-01-02T04:01:29.627+01:00" isFolder="false" path="southwind.cda" isHidden="false" isSchedulable="true" locale="fr_FR" title="southwind.cda"/>
        </ExportManifestProperty>
        <ExportManifestProperty>
            <EntityAcl>
                <entriesInheriting>true</entriesInheriting>
                <owner>admin</owner>
                <ownerType>USER</ownerType>
            </EntityAcl>
        </ExportManifestProperty>
    </ExportManifestEntity>
</ns2:ExportManifest>
