<?xml version="1.0" encoding="UTF-8" standalone="yes"?>
<ns2:ExportManifest xmlns:ns2="http://www.pentaho.com/schema/">
    <ExportManifestInformation exportDate="04-01-2018 04:30:06 CET" exportBy="admin" rootFolder="/home/admin/" manifestVersion="2"/>
    <ExportManifestEntity path="southwind.wcdf">
        <ExportManifestProperty>
            <EntityMetaData name="southwind.wcdf" createdDate="2018-01-02T03:41:26.407+01:00" isFolder="false" path="southwind.wcdf" isHidden="false" isSchedulable="true" locale="fr_FR" description="southwind" title="southwind"/>
        </ExportManifestProperty>
        <ExportManifestProperty>
            <EntityAcl>
                <entriesInheriting>true</entriesInheriting>
                <owner>admin</owner>
                <ownerType>USER</ownerType>
            </EntityAcl>
        </ExportManifestProperty>
    </ExportManifestEntity>
</ns2:ExportManifest>
